"Order","Frc","tgball"
"Start","0","31.65"
"MX300 15","0.033333333","37.98"
"MX300 15","0.116666667","44.31"
"MX300 15","0.316666667","50.64"
"MX300 15","0.416666667","56.97"
"MX300 15","0.616666667","63.3"
"MX300 15","0.666666667","69.63"
"MX300 15","0.716666667","88.62"
"MX300 15","0.733333333","94.95"
"MX300 15","0.75","107.61"
"MX300 15","0.766666667","113.94"
"MX300 15","0.783333333","120.27"
"MX300 15","0.8","126.6"
"MX300 15","0.816666667","132.93"
"MX300 15","0.833333333","139.26"
"MX300 15","0.85","259.53"
"not Germ","1","99999"
